video_id,user_id,segment_array
blacklight/S1800001-processed.MP4,2,"[{'startTime': 14.207269, 'endTime': 29.754546, 'instruction': '0', 'labels': [], 'caption': ''}]"
blacklight/S1800001-processed.MP4,3,"[{'startTime': 2.446539, 'endTime': 31.446412, 'instruction': '0', 'labels': [], 'caption': ''}, {'startTime': 39.529448, 'endTime': 67.171, 'instruction': '1', 'labels': [], 'caption': ''}, {'startTime': 74.390348, 'endTime': 102.386451, 'instruction': '2', 'labels': [], 'caption': ''}, {'startTime': 113.804661, 'endTime': 179.478308, 'instruction': '3', 'labels': [], 'caption': ''}, {'startTime': 183.42711, 'endTime': 208.035269, 'instruction': '4', 'labels': [], 'caption': ''}, {'startTime': 212.946993, 'endTime': 256.253726, 'instruction': '5', 'labels': [], 'caption': ''}, {'startTime': 259.822256, 'endTime': 286.760793, 'instruction': '6', 'labels': [], 'caption': ''}, {'startTime': 288.631648, 'endTime': 312.153874, 'instruction': '7', 'labels': [], 'caption': ''}]"
electronics/S1790001-processed.MP4,3,"[{'startTime': 6.359313, 'endTime': 37.190348, 'instruction': '0', 'labels': [], 'caption': ''}, {'startTime': 43.46184, 'endTime': 54.770191, 'instruction': '1', 'labels': [], 'caption': ''}, {'startTime': 72.308933, 'endTime': 116.153124, 'instruction': '2', 'labels': [], 'caption': ''}, {'startTime': 126.582565, 'endTime': 142.978889, 'instruction': '3', 'labels': [], 'caption': ''}, {'startTime': 145.73611, 'endTime': 166.341397, 'instruction': '2', 'labels': [], 'caption': ''}, {'startTime': 169.423702, 'endTime': 175.906453, 'instruction': '-1', 'labels': ['1'], 'caption': 'Graspe a propeller'}, {'startTime': 179.836899, 'endTime': 203.745241, 'instruction': '3', 'labels': [], 'caption': ''}, {'startTime': 204.414828, 'endTime': 207.919815, 'instruction': '2', 'labels': [], 'caption': ''}, {'startTime': 210.099788, 'endTime': 215.845108, 'instruction': '4', 'labels': [], 'caption': ''}, {'startTime': 227.149464, 'endTime': 244.951186, 'instruction': '5', 'labels': [], 'caption': ''}, {'startTime': 253.364173, 'endTime': 254.0912, 'instruction': '6', 'labels': [], 'caption': ''}, {'startTime': 258.753024, 'endTime': 261.630514, 'instruction': '7', 'labels': [], 'caption': ''}]"
ion/S1720001-processed.MP4,3,"[{'startTime': 0.85058, 'endTime': 6.645978, 'instruction': '0', 'labels': [], 'caption': ''}, {'startTime': 10.450061, 'endTime': 21.806679, 'instruction': '1', 'labels': [], 'caption': ''}, {'startTime': 22.888834, 'endTime': 78.433845, 'instruction': '2', 'labels': [], 'caption': ''}, {'startTime': 80.429471, 'endTime': 118.810822, 'instruction': '3', 'labels': [], 'caption': ''}, {'startTime': 119.409219, 'endTime': 171.903121, 'instruction': '4', 'labels': [], 'caption': ''}, {'startTime': 178.992782, 'endTime': 210.054414, 'instruction': '5', 'labels': [], 'caption': ''}, {'startTime': 211.825219, 'endTime': 232.566686, 'instruction': '6', 'labels': [], 'caption': ''}, {'startTime': 233.767026, 'endTime': 260.393912, 'instruction': '7', 'labels': [], 'caption': ''}, {'startTime': 286.364865, 'endTime': 330.307812, 'instruction': '8', 'labels': [], 'caption': ''}]"
tsumiki/S1750001-processed.MP4,3,"[{'startTime': 10.977283, 'endTime': 26.114744, 'instruction': '0', 'labels': [], 'caption': ''}, {'startTime': 27.192339, 'endTime': 54.593778, 'instruction': '1', 'labels': ['0'], 'caption': 'Bridge two short rectangular blocks but should bridge two long rectangular blocks\n'}, {'startTime': 61.970011, 'endTime': 77.86108, 'instruction': '2', 'labels': ['0'], 'caption': 'Stand three long rectangular blocks but should stand three short rectangular blocks'}, {'startTime': 80.210015, 'endTime': 86.189463, 'instruction': '3', 'labels': ['1'], 'caption': 'Grasp the long red rectangular block'}, {'startTime': 87.597097, 'endTime': 90.045695, 'instruction': '-1', 'labels': ['2'], 'caption': 'Correct errors in steps 1 and 2'}, {'startTime': 94.548196, 'endTime': 97.260485, 'instruction': '1', 'labels': [], 'caption': ''}, {'startTime': 101.233484, 'endTime': 106.887042, 'instruction': '0', 'labels': [], 'caption': ''}, {'startTime': 109.168356, 'endTime': 111.786681, 'instruction': '1', 'labels': [], 'caption': ''}, {'startTime': 114.909594, 'endTime': 124.949293, 'instruction': '2', 'labels': [], 'caption': ''}, {'startTime': 128.334868, 'endTime': 133.787703, 'instruction': '3', 'labels': ['4'], 'caption': 'Bridge two rectangular blocks from left to right in the order of red and yellow but should bridge them in the order of yellow and red.'}, {'startTime': 134.982872, 'endTime': 141.539439, 'instruction': '-1', 'labels': ['2'], 'caption': 'Correct error in step 3'}, {'startTime': 142.224013, 'endTime': 149.2163, 'instruction': '4', 'labels': [], 'caption': ''}, {'startTime': 150.815111, 'endTime': 154.386916, 'instruction': '5', 'labels': [], 'caption': ''}, {'startTime': 157.529973, 'endTime': 173.040886, 'instruction': '6', 'labels': [], 'caption': ''}]"
blacklight/S1800002-processed.MP4,3,"[{'startTime': 4.07142, 'endTime': 43.265696, 'instruction': '0', 'labels': [], 'caption': ''}, {'startTime': 46.145018, 'endTime': 77.801142, 'instruction': '2', 'labels': [], 'caption': ''}, {'startTime': 78.939211, 'endTime': 115.964515, 'instruction': '1', 'labels': [], 'caption': ''}, {'startTime': 116.475526, 'endTime': 138.915239, 'instruction': '4', 'labels': [], 'caption': ''}, {'startTime': 148.170984, 'endTime': 216.337835, 'instruction': '3', 'labels': ['5'], 'caption': 'Take out the powdered detergent into a cup and dissolve with water in two parts and mix.'}, {'startTime': 217.590906, 'endTime': 225.862599, 'instruction': '-1', 'labels': ['5'], 'caption': 'Shine a black light to examine the dissolved powdered detergent.'}, {'startTime': 226.485707, 'endTime': 274.466656, 'instruction': '5', 'labels': [], 'caption': ''}, {'startTime': 275.146634, 'endTime': 306.162571, 'instruction': '6', 'labels': [], 'caption': ''}, {'startTime': 307.097811, 'endTime': 325.819927, 'instruction': '7', 'labels': [], 'caption': ''}]"
blacklight/S1800002-processed.MP4,3,"[{'startTime': 4.07142, 'endTime': 43.265696, 'instruction': '0', 'labels': [], 'caption': ''}, {'startTime': 46.145018, 'endTime': 77.801142, 'instruction': '2', 'labels': [], 'caption': ''}, {'startTime': 78.939211, 'endTime': 115.964515, 'instruction': '1', 'labels': [], 'caption': ''}, {'startTime': 116.475526, 'endTime': 138.915239, 'instruction': '4', 'labels': [], 'caption': ''}, {'startTime': 141.915239, 'endTime': 147.691354, 'instruction': '-1', 'labels': ['1'], 'caption': 'Graspe a cup for mixing liquid'}, {'startTime': 148.170984, 'endTime': 216.337835, 'instruction': '3', 'labels': [], 'caption': ''}, {'startTime': 217.590906, 'endTime': 225.862599, 'instruction': '4', 'labels': [], 'caption': ''}, {'startTime': 226.532959, 'endTime': 232.661188, 'instruction': '-1', 'labels': ['1'], 'caption': 'Graspe a cup of water'}, {'startTime': 234.805304, 'endTime': 273.905454, 'instruction': '5', 'labels': [], 'caption': ''}, {'startTime': 275.146634, 'endTime': 306.162571, 'instruction': '6', 'labels': [], 'caption': ''}, {'startTime': 307.097811, 'endTime': 325.819927, 'instruction': '7', 'labels': [], 'caption': ''}]"
blacklight/S1800003-processed.MP4,3,"[{'startTime': 6.247199, 'endTime': 41.199318, 'instruction': '0', 'labels': [], 'caption': ''}, {'startTime': 43.535774, 'endTime': 74.61033, 'instruction': '1', 'labels': [], 'caption': ''}, {'startTime': 75.097632, 'endTime': 111.003742, 'instruction': '2', 'labels': [], 'caption': ''}, {'startTime': 114.889387, 'endTime': 160.215916, 'instruction': '3', 'labels': [], 'caption': ''}, {'startTime': 163.260562, 'endTime': 186.362463, 'instruction': '4', 'labels': [], 'caption': ''}, {'startTime': 189.278553, 'endTime': 239.144196, 'instruction': '5', 'labels': [], 'caption': ''}, {'startTime': 239.759736, 'endTime': 257.557851, 'instruction': '6', 'labels': [], 'caption': ''}, {'startTime': 258.302006, 'endTime': 274.70999, 'instruction': '7', 'labels': [], 'caption': ''}]"
blacklight/S1800003-processed.MP4,3,"[{'startTime': 6.247199, 'endTime': 41.199318, 'instruction': '0', 'labels': [], 'caption': ''}, {'startTime': 43.535774, 'endTime': 74.61033, 'instruction': '1', 'labels': [], 'caption': ''}, {'startTime': 75.097632, 'endTime': 111.003742, 'instruction': '2', 'labels': [], 'caption': ''}, {'startTime': 114.889387, 'endTime': 160.215916, 'instruction': '3', 'labels': [], 'caption': ''}, {'startTime': 163.260562, 'endTime': 186.362463, 'instruction': '4', 'labels': [], 'caption': ''}, {'startTime': 189.278553, 'endTime': 238.981351, 'instruction': '5', 'labels': [], 'caption': ''}, {'startTime': 239.759736, 'endTime': 257.557851, 'instruction': '6', 'labels': [], 'caption': ''}, {'startTime': 258.302006, 'endTime': 274.70999, 'instruction': '7', 'labels': [], 'caption': ''}]"
blacklight/S1800004-processed.MP4,3,"[{'startTime': 4.385759, 'endTime': 25.444874, 'instruction': '0', 'labels': [], 'caption': ''}, {'startTime': 26.148671, 'endTime': 49.757933, 'instruction': '1', 'labels': [], 'caption': ''}, {'startTime': 50.189533, 'endTime': 80.927376, 'instruction': '2', 'labels': [], 'caption': ''}, {'startTime': 81.107688, 'endTime': 131.093475, 'instruction': '3', 'labels': [], 'caption': ''}, {'startTime': 132.610777, 'endTime': 155.246653, 'instruction': '4', 'labels': [], 'caption': ''}, {'startTime': 156.23229, 'endTime': 184.229813, 'instruction': '5', 'labels': ['4'], 'caption': 'Use yellow but should use green.'}, {'startTime': 185.136075, 'endTime': 204.304469, 'instruction': '6', 'labels': ['4'], 'caption': 'Use green but should use yellow.'}, {'startTime': 205.076015, 'endTime': 219.184564, 'instruction': '7', 'labels': [], 'caption': ''}]"
blacklight/S1800005-processed.MP4,3,"[{'startTime': 1.408185, 'endTime': 63.813095, 'instruction': '0', 'labels': [], 'caption': ''}, {'startTime': 64.104591, 'endTime': 100.935451, 'instruction': '1', 'labels': [], 'caption': ''}, {'startTime': 103.085009, 'endTime': 126.836712, 'instruction': '2', 'labels': [], 'caption': ''}, {'startTime': 133.496974, 'endTime': 198.52592, 'instruction': '3', 'labels': [], 'caption': ''}, {'startTime': 201.056544, 'endTime': 231.047642, 'instruction': '4', 'labels': [], 'caption': ''}, {'startTime': 234.74023, 'endTime': 260.14317, 'instruction': '5', 'labels': ['4'], 'caption': 'The powdered detergent dissolved in water is mistakenly mixed into a red liquid cup and a green liquid cup, respectively, but the correct way is to mix the powdered detergent dissolved in water, a red liquid cup, and a green liquid cup with all three.'}, {'startTime': 263.0608, 'endTime': 275.614636, 'instruction': '6', 'labels': [], 'caption': ''}, {'startTime': 276.04088, 'endTime': 282.77836, 'instruction': '7', 'labels': ['4'], 'caption': 'Only the yellow liquid, not the mixed liquid, is being tested for white coloration by shining a black light on it.'}, {'startTime': 284.721055, 'endTime': 302.904912, 'instruction': '-1', 'labels': ['2'], 'caption': 'Correct error in step 7. '}]"
blacklight/S1800006-processed.MP4,3,"[{'startTime': 1.080956, 'endTime': 30.091227, 'instruction': '0', 'labels': [], 'caption': ''}, {'startTime': 30.781773, 'endTime': 55.475397, 'instruction': '1', 'labels': [], 'caption': ''}, {'startTime': 57.943346, 'endTime': 91.764573, 'instruction': '2', 'labels': [], 'caption': ''}, {'startTime': 96.248566, 'endTime': 131.333203, 'instruction': '3', 'labels': [], 'caption': ''}, {'startTime': 133.057154, 'endTime': 160.455784, 'instruction': '4', 'labels': [], 'caption': ''}, {'startTime': 165.677965, 'endTime': 195.068783, 'instruction': '5', 'labels': [], 'caption': ''}, {'startTime': 185.532755, 'endTime': 188.368519, 'instruction': '5', 'labels': ['1'], 'caption': 'Grasp yellow liquid in a cup.'}, {'startTime': 197.059906, 'endTime': 222.526421, 'instruction': '6', 'labels': [], 'caption': ''}, {'startTime': 222.687647, 'endTime': 238.180268, 'instruction': '7', 'labels': [], 'caption': ''}]"
blacklight/S1800005-processed.MP4,3,"[{'startTime': 1.408185, 'endTime': 63.813095, 'instruction': '0', 'labels': [], 'caption': ''}, {'startTime': 64.104591, 'endTime': 100.935451, 'instruction': '1', 'labels': [], 'caption': ''}, {'startTime': 103.085009, 'endTime': 126.836712, 'instruction': '2', 'labels': [], 'caption': ''}, {'startTime': 133.496974, 'endTime': 198.52592, 'instruction': '3', 'labels': [], 'caption': ''}, {'startTime': 201.056544, 'endTime': 231.047642, 'instruction': '4', 'labels': [], 'caption': ''}, {'startTime': 234.74023, 'endTime': 260.14317, 'instruction': '5', 'labels': ['5'], 'caption': 'The powdered detergent dissolved in water is mistakenly mixed into a red liquid cup and a green liquid cup, respectively, but the correct way is to mix the powdered detergent dissolved in water, a red liquid cup, and a green liquid cup with all three.'}, {'startTime': 263.0608, 'endTime': 275.614636, 'instruction': '6', 'labels': [], 'caption': ''}, {'startTime': 276.04088, 'endTime': 282.77836, 'instruction': '7', 'labels': ['1'], 'caption': 'Check step6 liquid in a cup but should check both step5 and step6 liquid in cups.'}, {'startTime': 284.721055, 'endTime': 302.904912, 'instruction': '-1', 'labels': ['2'], 'caption': 'Correct error in step 7. '}]"
blacklight/S1800007-processed.MP4,3,"[{'startTime': 1.976935, 'endTime': 30.986227, 'instruction': '0', 'labels': [], 'caption': ''}, {'startTime': 33.989786, 'endTime': 59.361889, 'instruction': '1', 'labels': [], 'caption': ''}, {'startTime': 60.098281, 'endTime': 89.813207, 'instruction': '2', 'labels': [], 'caption': ''}, {'startTime': 94.038703, 'endTime': 116.984328, 'instruction': '3', 'labels': [], 'caption': ''}, {'startTime': 120.547888, 'endTime': 146.904356, 'instruction': '4', 'labels': [], 'caption': ''}, {'startTime': 148.294373, 'endTime': 179.745126, 'instruction': '5', 'labels': [], 'caption': ''}, {'startTime': 180.316544, 'endTime': 196.786389, 'instruction': '6', 'labels': [], 'caption': ''}, {'startTime': 197.825199, 'endTime': 213.092017, 'instruction': '7', 'labels': [], 'caption': ''}]"
tsumiki/S1750003-processed.MP4,3,"[{'startTime': 1.166481, 'endTime': 9.408487, 'instruction': '0', 'labels': [], 'caption': ''}, {'startTime': 11.596443, 'endTime': 19.970627, 'instruction': '1', 'labels': [], 'caption': ''}, {'startTime': 23.958443, 'endTime': 33.411741, 'instruction': '2', 'labels': [], 'caption': ''}, {'startTime': 35.673019, 'endTime': 44.992807, 'instruction': '3', 'labels': [], 'caption': ''}, {'startTime': 48.134831, 'endTime': 62.55891, 'instruction': '4', 'labels': [], 'caption': ''}, {'startTime': 67.975257, 'endTime': 71.967343, 'instruction': '5', 'labels': [], 'caption': ''}, {'startTime': 74.987438, 'endTime': 85.5382, 'instruction': '6', 'labels': [], 'caption': ''}]"
electronics/S1790004-processed.MP4,3,"[{'startTime': 2.273449, 'endTime': 22.072877, 'instruction': '0', 'labels': [], 'caption': ''}, {'startTime': 23.596156, 'endTime': 30.258074, 'instruction': '1', 'labels': [], 'caption': ''}, {'startTime': 36.399776, 'endTime': 56.020768, 'instruction': '2', 'labels': [], 'caption': ''}, {'startTime': 57.89796, 'endTime': 59.389126, 'instruction': '-1', 'labels': [], 'caption': '青いものを手放す'}, {'startTime': 60.431565, 'endTime': 91.255487, 'instruction': '2', 'labels': [], 'caption': ''}, {'startTime': 92.405455, 'endTime': 105.408648, 'instruction': '3', 'labels': [], 'caption': ''}, {'startTime': 106.243124, 'endTime': 116.442344, 'instruction': '4', 'labels': [], 'caption': ''}, {'startTime': 119.091883, 'endTime': 129.45496, 'instruction': '5', 'labels': [], 'caption': ''}, {'startTime': 130.706678, 'endTime': 134.588229, 'instruction': '6', 'labels': [], 'caption': ''}, {'startTime': 135.613869, 'endTime': 152.98941, 'instruction': '7', 'labels': [], 'caption': ''}]"
electronics/S1790005-processed.MP4,3,"[{'startTime': 2.188305, 'endTime': 22.969523, 'instruction': '0', 'labels': [], 'caption': ''}, {'startTime': 26.813869, 'endTime': 40.984949, 'instruction': '1', 'labels': [], 'caption': ''}, {'startTime': 49.185347, 'endTime': 67.062784, 'instruction': '2', 'labels': [], 'caption': ''}, {'startTime': 68.46892, 'endTime': 84.993874, 'instruction': '3', 'labels': [], 'caption': ''}, {'startTime': 86.196809, 'endTime': 93.121725, 'instruction': '4', 'labels': [], 'caption': ''}, {'startTime': 94.210695, 'endTime': 105.240346, 'instruction': '5', 'labels': [], 'caption': ''}, {'startTime': 106.428527, 'endTime': 107.564151, 'instruction': '6', 'labels': [], 'caption': ''}, {'startTime': 108.766539, 'endTime': 118.974306, 'instruction': '7', 'labels': [], 'caption': ''}]"
blacklight/S1800008-processed.MP4,3,"[{'startTime': 3.081306, 'endTime': 46.314667, 'instruction': '0', 'labels': [], 'caption': ''}, {'startTime': 48.366125, 'endTime': 88.850967, 'instruction': '1', 'labels': [], 'caption': ''}, {'startTime': 93.756873, 'endTime': 135.327504, 'instruction': '2', 'labels': [], 'caption': ''}, {'startTime': 139.883649, 'endTime': 190.872749, 'instruction': '3', 'labels': [], 'caption': ''}, {'startTime': 193.079586, 'endTime': 207.875657, 'instruction': '4', 'labels': [], 'caption': ''}, {'startTime': 210.994749, 'endTime': 241.943324, 'instruction': '5', 'labels': [], 'caption': ''}, {'startTime': 242.954201, 'endTime': 267.424562, 'instruction': '6', 'labels': [], 'caption': ''}, {'startTime': 268.293791, 'endTime': 279.012067, 'instruction': '7', 'labels': [], 'caption': ''}]"
blacklight/S1800009-processed.MP4,3,"[{'startTime': 3.90712, 'endTime': 37.004967, 'instruction': '0', 'labels': [], 'caption': ''}, {'startTime': 40.724212, 'endTime': 81.703035, 'instruction': '1', 'labels': [], 'caption': ''}, {'startTime': 84.423161, 'endTime': 109.519063, 'instruction': '2', 'labels': [], 'caption': ''}, {'startTime': 113.971992, 'endTime': 145.391955, 'instruction': '3', 'labels': [], 'caption': ''}, {'startTime': 148.530377, 'endTime': 174.914033, 'instruction': '5', 'labels': [], 'caption': ''}, {'startTime': 176.752825, 'endTime': 192.629219, 'instruction': '6', 'labels': [], 'caption': ''}, {'startTime': 193.440637, 'endTime': 204.0038, 'instruction': '7', 'labels': [], 'caption': ''}]"
blacklight/S1800010-processed.MP4,3,"[{'startTime': 1.893482, 'endTime': 28.478748, 'instruction': '0', 'labels': [], 'caption': ''}, {'startTime': 29.06522, 'endTime': 54.591491, 'instruction': '1', 'labels': [], 'caption': ''}, {'startTime': 55.259003, 'endTime': 80.861967, 'instruction': '2', 'labels': [], 'caption': ''}, {'startTime': 81.812646, 'endTime': 112.697332, 'instruction': '3', 'labels': [], 'caption': ''}, {'startTime': 113.432948, 'endTime': 128.956813, 'instruction': '4', 'labels': [], 'caption': ''}, {'startTime': 131.537738, 'endTime': 153.383999, 'instruction': '5', 'labels': [], 'caption': ''}, {'startTime': 155.909695, 'endTime': 169.518808, 'instruction': '6', 'labels': [], 'caption': ''}, {'startTime': 170.474106, 'endTime': 181.014167, 'instruction': '7', 'labels': [], 'caption': ''}]"
electronics/S1790007-processed.MP4,3,"[{'startTime': 2.247507, 'endTime': 9.413659, 'instruction': '0', 'labels': [], 'caption': ''}, {'startTime': 10.443852, 'endTime': 26.696743, 'instruction': '2', 'labels': [], 'caption': ''}, {'startTime': 27.208475, 'endTime': 56.237859, 'instruction': '3', 'labels': [], 'caption': ''}, {'startTime': 57.031498, 'endTime': 63.898072, 'instruction': '1', 'labels': [], 'caption': ''}, {'startTime': 64.382374, 'endTime': 77.631987, 'instruction': '2', 'labels': [], 'caption': ''}, {'startTime': 78.198699, 'endTime': 84.097636, 'instruction': '4', 'labels': [], 'caption': ''}, {'startTime': 85.117501, 'endTime': 96.422487, 'instruction': '5', 'labels': [], 'caption': ''}, {'startTime': 97.222382, 'endTime': 98.987779, 'instruction': '6', 'labels': [], 'caption': ''}, {'startTime': 99.715522, 'endTime': 110.150044, 'instruction': '7', 'labels': [], 'caption': ''}]"
electronics/S1790009-processed.MP4,3,"[{'startTime': 2.368033, 'endTime': 19.473197, 'instruction': '0', 'labels': [], 'caption': ''}, {'startTime': 20.767992, 'endTime': 24.520106, 'instruction': '-1', 'labels': ['1'], 'caption': 'Graspe lamp L1'}, {'startTime': 25.208654, 'endTime': 40.999024, 'instruction': '1', 'labels': [], 'caption': ''}, {'startTime': 54.122704, 'endTime': 116.200476, 'instruction': '2', 'labels': [], 'caption': ''}, {'startTime': 120.636286, 'endTime': 132.843671, 'instruction': '3', 'labels': [], 'caption': ''}, {'startTime': 135.481637, 'endTime': 143.641809, 'instruction': '4', 'labels': [], 'caption': ''}, {'startTime': 147.088974, 'endTime': 158.833721, 'instruction': '5', 'labels': [], 'caption': ''}, {'startTime': 162.334295, 'endTime': 163.211009, 'instruction': '6', 'labels': [], 'caption': ''}, {'startTime': 167.036178, 'endTime': 173.651058, 'instruction': '7', 'labels': [], 'caption': ''}]"
ion/S1720002-processed.MP4,3,"[{'startTime': 1.908511, 'endTime': 7.83134, 'instruction': '0', 'labels': [], 'caption': ''}, {'startTime': 10.217116, 'endTime': 16.751173, 'instruction': '1', 'labels': [], 'caption': ''}, {'startTime': 17.641365, 'endTime': 61.000404, 'instruction': '2', 'labels': [], 'caption': ''}, {'startTime': 61.509436, 'endTime': 101.854596, 'instruction': '3', 'labels': ['5'], 'caption': 'Scatter pieces of zinc put three zinc plates on the right end column, but should put it in the center column'}, {'startTime': 102.266456, 'endTime': 132.797309, 'instruction': '4', 'labels': ['4'], 'caption': 'Put three magnesium plates on the center column, but should put it in the right end column'}, {'startTime': 139.509946, 'endTime': 157.242538, 'instruction': '5', 'labels': [], 'caption': ''}, {'startTime': 158.023302, 'endTime': 175.812376, 'instruction': '6', 'labels': [], 'caption': ''}, {'startTime': 176.549034, 'endTime': 194.456267, 'instruction': '7', 'labels': [], 'caption': ''}, {'startTime': 197.213643, 'endTime': 198.816735, 'instruction': '-1', 'labels': ['1'], 'caption': 'Grasp a pair of tweezers'}, {'startTime': 199.186761, 'endTime': 262.934215, 'instruction': '8', 'labels': [], 'caption': ''}]"
electronics/S1790012-processed.MP4,3,"[{'startTime': 1.552707, 'endTime': 23.925244, 'instruction': '5', 'labels': [], 'caption': ''}, {'startTime': 30.728785, 'endTime': 36.698387, 'instruction': '-1', 'labels': ['1'], 'caption': 'Graspe switch S1'}, {'startTime': 44.366958, 'endTime': 55.072298, 'instruction': '1', 'labels': [], 'caption': ''}, {'startTime': 61.82141, 'endTime': 145.572015, 'instruction': '2', 'labels': [], 'caption': ''}, {'startTime': 148.31765, 'endTime': 232.568474, 'instruction': '3', 'labels': [], 'caption': ''}, {'startTime': 233.282798, 'endTime': 237.245515, 'instruction': '4', 'labels': [], 'caption': ''}, {'startTime': 238.135802, 'endTime': 240.844425, 'instruction': '6', 'labels': [], 'caption': ''}, {'startTime': 241.456101, 'endTime': 247.936624, 'instruction': '5', 'labels': [], 'caption': ''}, {'startTime': 248.437203, 'endTime': 249.387106, 'instruction': '6', 'labels': [], 'caption': ''}, {'startTime': 249.688676, 'endTime': 262.107854, 'instruction': '7', 'labels': [], 'caption': ''}]"
electronics/S1790013-processed.MP4,3,"[{'startTime': 3.825562, 'endTime': 17.686241, 'instruction': '0', 'labels': [], 'caption': ''}, {'startTime': 18.440117, 'endTime': 39.820432, 'instruction': '1', 'labels': [], 'caption': ''}, {'startTime': 49.101282, 'endTime': 98.860976, 'instruction': '2', 'labels': [], 'caption': ''}, {'startTime': 99.446915, 'endTime': 155.518109, 'instruction': '3', 'labels': [], 'caption': ''}, {'startTime': 161.793391, 'endTime': 169.890563, 'instruction': '4', 'labels': [], 'caption': ''}, {'startTime': 170.921026, 'endTime': 189.914217, 'instruction': '5', 'labels': [], 'caption': ''}, {'startTime': 190.555386, 'endTime': 192.796788, 'instruction': '6', 'labels': [], 'caption': ''}, {'startTime': 195.565638, 'endTime': 201.157488, 'instruction': '7', 'labels': [], 'caption': ''}]"
ion/S1720004-processed.MP4,3,"[{'startTime': 4.282966, 'endTime': 9.829906, 'instruction': '0', 'labels': [], 'caption': ''}, {'startTime': 10.552557, 'endTime': 20.483821, 'instruction': '1', 'labels': [], 'caption': ''}, {'startTime': 21.499755, 'endTime': 153.189265, 'instruction': '2', 'labels': [], 'caption': ''}, {'startTime': 155.436114, 'endTime': 203.205269, 'instruction': '3', 'labels': [], 'caption': ''}, {'startTime': 203.703209, 'endTime': 243.246359, 'instruction': '4', 'labels': [], 'caption': ''}, {'startTime': 255.936886, 'endTime': 289.242209, 'instruction': '5', 'labels': [], 'caption': ''}, {'startTime': 290.337478, 'endTime': 318.688955, 'instruction': '6', 'labels': ['0'], 'caption': 'Put a drop of magnesium sulfate aqueous solution but should put a drop of zinc sulfate aqueous solution.'}, {'startTime': 319.200127, 'endTime': 339.079996, 'instruction': '7', 'labels': ['0'], 'caption': 'Put a drop of zinc sulfate aqueous solution but should put a drop of magnesium sulfate aqueous solution.'}, {'startTime': 350.96233, 'endTime': 403.0026, 'instruction': '8', 'labels': [], 'caption': ''}]"
electronics/S1790010-processed.MP4,3,"[{'startTime': 2.003424, 'endTime': 17.239257, 'instruction': '0', 'labels': [], 'caption': ''}, {'startTime': 19.062187, 'endTime': 47.561262, 'instruction': '1', 'labels': [], 'caption': ''}, {'startTime': 58.30325, 'endTime': 86.584015, 'instruction': '2', 'labels': ['4'], 'caption': 'Switch S2 and lamp L1 are installed in series, but should be installed in parallel.'}, {'startTime': 91.565244, 'endTime': 155.910242, 'instruction': '3', 'labels': [], 'caption': ''}, {'startTime': 159.638325, 'endTime': 168.502914, 'instruction': '4', 'labels': [], 'caption': ''}, {'startTime': 172.980471, 'endTime': 185.743146, 'instruction': '5', 'labels': [], 'caption': ''}, {'startTime': 192.170458, 'endTime': 198.730499, 'instruction': '6', 'labels': [], 'caption': ''}, {'startTime': 199.517751, 'endTime': 206.436065, 'instruction': '-1', 'labels': ['5'], 'caption': 'Remove the battery from the battery box'}, {'startTime': 208.985093, 'endTime': 213.769786, 'instruction': '5', 'labels': [], 'caption': ''}, {'startTime': 215.664228, 'endTime': 218.372629, 'instruction': '6', 'labels': [], 'caption': ''}, {'startTime': 219.534374, 'endTime': 224.800749, 'instruction': '7', 'labels': [], 'caption': ''}]"
ion/S1720005-processed.MP4,3,"[{'startTime': 2.360887, 'endTime': 6.544855, 'instruction': '0', 'labels': [], 'caption': ''}, {'startTime': 8.58635, 'endTime': 22.934822, 'instruction': '1', 'labels': [], 'caption': ''}, {'startTime': 24.332095, 'endTime': 76.232271, 'instruction': '2', 'labels': [], 'caption': ''}, {'startTime': 77.456258, 'endTime': 130.439074, 'instruction': '3', 'labels': [], 'caption': ''}, {'startTime': 132.795674, 'endTime': 183.442082, 'instruction': '4', 'labels': [], 'caption': ''}, {'startTime': 187.320656, 'endTime': 209.843571, 'instruction': '5', 'labels': [], 'caption': ''}, {'startTime': 211.652404, 'endTime': 233.639527, 'instruction': '6', 'labels': [], 'caption': ''}, {'startTime': 234.18494, 'endTime': 256.788513, 'instruction': '7', 'labels': [], 'caption': ''}, {'startTime': 262.485533, 'endTime': 283.744767, 'instruction': '8', 'labels': [], 'caption': ''}]"
ion/S1720005-processed.MP4,3,"[{'startTime': 2.360887, 'endTime': 6.544855, 'instruction': '0', 'labels': [], 'caption': ''}, {'startTime': 8.58635, 'endTime': 22.934822, 'instruction': '1', 'labels': [], 'caption': ''}, {'startTime': 24.332095, 'endTime': 76.232271, 'instruction': '2', 'labels': [], 'caption': ''}, {'startTime': 77.456258, 'endTime': 130.439074, 'instruction': '3', 'labels': [], 'caption': ''}, {'startTime': 132.795674, 'endTime': 183.442082, 'instruction': '4', 'labels': [], 'caption': ''}, {'startTime': 187.320656, 'endTime': 209.843571, 'instruction': '5', 'labels': [], 'caption': ''}, {'startTime': 211.652404, 'endTime': 233.639527, 'instruction': '6', 'labels': [], 'caption': ''}, {'startTime': 234.18494, 'endTime': 256.788513, 'instruction': '7', 'labels': [], 'caption': ''}, {'startTime': 262.485533, 'endTime': 283.744767, 'instruction': '8', 'labels': [], 'caption': ''}]"
electronics/S1790004-processed.MP4,3,"[{'startTime': 2.273449, 'endTime': 22.072877, 'instruction': '0', 'labels': [], 'caption': ''}, {'startTime': 23.596156, 'endTime': 30.258074, 'instruction': '1', 'labels': [], 'caption': ''}, {'startTime': 36.399776, 'endTime': 56.020768, 'instruction': '2', 'labels': [], 'caption': ''}, {'startTime': 57.89796, 'endTime': 59.389126, 'instruction': '-1', 'labels': ['1'], 'caption': 'Graspe connection'}, {'startTime': 60.431565, 'endTime': 91.255487, 'instruction': '2', 'labels': [], 'caption': ''}, {'startTime': 92.405455, 'endTime': 105.408648, 'instruction': '3', 'labels': [], 'caption': ''}, {'startTime': 106.243124, 'endTime': 116.442344, 'instruction': '4', 'labels': [], 'caption': ''}, {'startTime': 119.091883, 'endTime': 129.45496, 'instruction': '5', 'labels': [], 'caption': ''}, {'startTime': 130.706678, 'endTime': 134.588229, 'instruction': '6', 'labels': [], 'caption': ''}, {'startTime': 135.613869, 'endTime': 152.98941, 'instruction': '7', 'labels': [], 'caption': ''}]"
electronics/S1790003-processed.MP4,3,"[{'startTime': 1.782989, 'endTime': 23.583223, 'instruction': '0', 'labels': [], 'caption': ''}, {'startTime': 30.482145, 'endTime': 41.605888, 'instruction': '1', 'labels': [], 'caption': ''}, {'startTime': 101.358179, 'endTime': 107.067731, 'instruction': '1', 'labels': [], 'caption': ''}, {'startTime': 108.148155, 'endTime': 112.848304, 'instruction': '2', 'labels': [], 'caption': ''}, {'startTime': 113.651454, 'endTime': 140.402602, 'instruction': '3', 'labels': [], 'caption': ''}, {'startTime': 141.214682, 'endTime': 147.387864, 'instruction': '2', 'labels': [], 'caption': ''}, {'startTime': 150.865857, 'endTime': 156.876293, 'instruction': '4', 'labels': [], 'caption': ''}, {'startTime': 157.818198, 'endTime': 177.501426, 'instruction': '5', 'labels': [], 'caption': ''}, {'startTime': 182.581603, 'endTime': 185.076667, 'instruction': '6', 'labels': [], 'caption': ''}, {'startTime': 186.0965, 'endTime': 189.59613, 'instruction': '7', 'labels': [], 'caption': ''}]"
electronics/S1790006-processed.MP4,3,"[{'startTime': 0.546144, 'endTime': 14.837093, 'instruction': '0', 'labels': [], 'caption': ''}, {'startTime': 15.867049, 'endTime': 21.263961, 'instruction': '1', 'labels': [], 'caption': ''}, {'startTime': 24.412617, 'endTime': 44.671457, 'instruction': '2', 'labels': [], 'caption': ''}, {'startTime': 44.752249, 'endTime': 45.780018, 'instruction': '3', 'labels': ['1'], 'caption': 'Graspe connection'}, {'startTime': 46.227343, 'endTime': 63.398515, 'instruction': '3', 'labels': [], 'caption': ''}, {'startTime': 65.509373, 'endTime': 71.729097, 'instruction': '4', 'labels': [], 'caption': ''}, {'startTime': 72.783801, 'endTime': 74.427403, 'instruction': '6', 'labels': [], 'caption': ''}, {'startTime': 75.601911, 'endTime': 91.322291, 'instruction': '7', 'labels': [], 'caption': ''}]"
ion/S1720006-processed.MP4,3,"[{'startTime': 1.655378, 'endTime': 4.71935, 'instruction': '0', 'labels': [], 'caption': ''}, {'startTime': 7.935505, 'endTime': 32.521929, 'instruction': '1', 'labels': [], 'caption': ''}, {'startTime': 32.591665, 'endTime': 74.163027, 'instruction': '2', 'labels': ['5'], 'caption': 'The copper plate is dropped on the table, touched with fingers and picked up with tweezers, and only one piece is placed on the microplate.'}, {'startTime': 75.019911, 'endTime': 146.215275, 'instruction': '3', 'labels': ['0'], 'caption': 'Put three magnesium plates but should put three zinc plates'}, {'startTime': 146.790839, 'endTime': 177.940264, 'instruction': '4', 'labels': ['0'], 'caption': 'Put three zinc plates but should put three magnesium plates'}, {'startTime': 179.954966, 'endTime': 239.026011, 'instruction': '-1', 'labels': ['5'], 'caption': 'Correct error in step 2. During the process, the two copper plates are dropped on the table, touched back into the case with a finger, picked up with tweezers, and placed on the microplate.'}, {'startTime': 245.876641, 'endTime': 280.389023, 'instruction': '5', 'labels': [], 'caption': ''}, {'startTime': 283.10963, 'endTime': 305.827919, 'instruction': '6', 'labels': ['5'], 'caption': 'The worker dropped two drops in the center of the microplate.'}, {'startTime': 306.288301, 'endTime': 323.25157, 'instruction': '7', 'labels': [], 'caption': ''}, {'startTime': 335.358741, 'endTime': 377.787492, 'instruction': '8', 'labels': [], 'caption': ''}]"
tsumiki/S1760002-processed.MP4,3,"[{'startTime': 3.052484, 'endTime': 11.110749, 'instruction': '0', 'labels': [], 'caption': ''}, {'startTime': 14.596802, 'endTime': 29.288345, 'instruction': '1', 'labels': [], 'caption': ''}, {'startTime': 31.511115, 'endTime': 47.525754, 'instruction': '2', 'labels': [], 'caption': ''}, {'startTime': 53.297632, 'endTime': 63.764608, 'instruction': '3', 'labels': [], 'caption': ''}, {'startTime': 64.100728, 'endTime': 65.654221, 'instruction': '-1', 'labels': ['3'], 'caption': 'the building blocks crumble'}, {'startTime': 66.902215, 'endTime': 69.154813, 'instruction': '-1', 'labels': ['2'], 'caption': 'Correct error in step 3.'}, {'startTime': 69.167251, 'endTime': 72.639929, 'instruction': '2', 'labels': [], 'caption': ''}, {'startTime': 73.471693, 'endTime': 81.907347, 'instruction': '3', 'labels': [], 'caption': ''}, {'startTime': 88.523883, 'endTime': 99.558554, 'instruction': '4', 'labels': [], 'caption': 'From left to right, red, yellow, but should be arranged in yellow-red order'}, {'startTime': 100.730142, 'endTime': 104.585828, 'instruction': '5', 'labels': [], 'caption': ''}, {'startTime': 105.618636, 'endTime': 114.919865, 'instruction': '6', 'labels': [], 'caption': ''}]"
tsumiki/S1760004-processed.MP4,3,"[{'startTime': 4.57795, 'endTime': 11.923258, 'instruction': '0', 'labels': [], 'caption': 'separation of work'}, {'startTime': 12.977021, 'endTime': 18.889987, 'instruction': '-1', 'labels': ['1'], 'caption': 'Graspe long blue rectangle.'}, {'startTime': 19.572887, 'endTime': 22.893139, 'instruction': '0', 'labels': [], 'caption': ''}, {'startTime': 23.888057, 'endTime': 30.544825, 'instruction': '1', 'labels': [], 'caption': ''}, {'startTime': 37.991808, 'endTime': 51.479478, 'instruction': '2', 'labels': [], 'caption': ''}, {'startTime': 57.259844, 'endTime': 65.00534, 'instruction': '3', 'labels': [], 'caption': ''}, {'startTime': 73.328728, 'endTime': 79.379641, 'instruction': '4', 'labels': [], 'caption': ''}, {'startTime': 80.852149, 'endTime': 83.91629, 'instruction': '5', 'labels': [], 'caption': ''}, {'startTime': 85.187688, 'endTime': 92.88687, 'instruction': '6', 'labels': [], 'caption': ''}]"
tsumiki/S1760005-processed.MP4,3,"[{'startTime': 2.657644, 'endTime': 12.180405, 'instruction': '0', 'labels': [], 'caption': ''}, {'startTime': 14.853847, 'endTime': 22.419849, 'instruction': '1', 'labels': [], 'caption': ''}, {'startTime': 28.438792, 'endTime': 41.176493, 'instruction': '2', 'labels': [], 'caption': ''}, {'startTime': 46.418645, 'endTime': 53.901079, 'instruction': '3', 'labels': [], 'caption': ''}, {'startTime': 58.536891, 'endTime': 65.09486, 'instruction': '4', 'labels': [], 'caption': ''}, {'startTime': 67.419305, 'endTime': 69.799496, 'instruction': '5', 'labels': [], 'caption': ''}, {'startTime': 70.5589, 'endTime': 78.851617, 'instruction': '6', 'labels': [], 'caption': ''}]"
tsumiki/S1760006-processed.MP4,3,"[{'startTime': 2.872178, 'endTime': 12.923649, 'instruction': '0', 'labels': [], 'caption': ''}, {'startTime': 13.696076, 'endTime': 21.734698, 'instruction': '1', 'labels': [], 'caption': ''}, {'startTime': 24.313763, 'endTime': 34.349372, 'instruction': '2', 'labels': [], 'caption': ''}, {'startTime': 38.551111, 'endTime': 49.196369, 'instruction': '3', 'labels': [], 'caption': ''}, {'startTime': 50.410277, 'endTime': 59.06666, 'instruction': '4', 'labels': [], 'caption': ''}, {'startTime': 62.025634, 'endTime': 64.600886, 'instruction': '5', 'labels': [], 'caption': ''}, {'startTime': 66.919869, 'endTime': 76.123037, 'instruction': '6', 'labels': [], 'caption': ''}]"
tsumiki/S1750004-processed.MP4,3,"[{'startTime': 3.921232, 'endTime': 23.104575, 'instruction': '0', 'labels': [], 'caption': ''}, {'startTime': 28.451067, 'endTime': 37.276148, 'instruction': '1', 'labels': [], 'caption': ''}, {'startTime': 45.890836, 'endTime': 61.85681, 'instruction': '2', 'labels': ['4'], 'caption': 'They stand in the order of green, yellow, blue, but should stand in the order of blue, green, yellow'}, {'startTime': 66.218705, 'endTime': 69.201515, 'instruction': '3', 'labels': ['1'], 'caption': 'Graspe yellow building blocks.'}, {'startTime': 70.201089, 'endTime': 79.964358, 'instruction': '3', 'labels': ['4'], 'caption': 'Yellow and red from left to right, but should be arranged in order of red and yellow'}, {'startTime': 83.477685, 'endTime': 92.359863, 'instruction': '4', 'labels': [], 'caption': ''}, {'startTime': 93.888308, 'endTime': 99.301088, 'instruction': '5', 'labels': [], 'caption': ''}, {'startTime': 103.349526, 'endTime': 116.10933, 'instruction': '6', 'labels': [], 'caption': ''}]"
tsumiki/S1750005-processed.MP4,3,"[{'startTime': 2.255868, 'endTime': 14.05363, 'instruction': '0', 'labels': [], 'caption': ''}, {'startTime': 17.79292, 'endTime': 30.035845, 'instruction': '1', 'labels': [], 'caption': ''}, {'startTime': 35.731844, 'endTime': 50.792531, 'instruction': '2', 'labels': [], 'caption': ''}, {'startTime': 57.00711, 'endTime': 70.530281, 'instruction': '3', 'labels': [], 'caption': ''}, {'startTime': 72.771514, 'endTime': 83.019383, 'instruction': '4', 'labels': [], 'caption': ''}, {'startTime': 84.439566, 'endTime': 89.76853, 'instruction': '5', 'labels': [], 'caption': ''}, {'startTime': 93.063437, 'endTime': 105.328099, 'instruction': '6', 'labels': [], 'caption': ''}]"
tsumiki/S1760001-processed.MP4,3,"[{'startTime': 3.803557, 'endTime': 14.381426, 'instruction': '0', 'labels': [], 'caption': ''}, {'startTime': 22.60733, 'endTime': 37.141052, 'instruction': '1', 'labels': [], 'caption': ''}, {'startTime': 46.074014, 'endTime': 60.078668, 'instruction': '2', 'labels': [], 'caption': ''}, {'startTime': 70.491995, 'endTime': 79.701311, 'instruction': '3', 'labels': [], 'caption': ''}, {'startTime': 85.191867, 'endTime': 95.154453, 'instruction': '4', 'labels': [], 'caption': ''}, {'startTime': 101.823733, 'endTime': 105.570023, 'instruction': '5', 'labels': [], 'caption': ''}, {'startTime': 110.07507, 'endTime': 120.347468, 'instruction': '6', 'labels': [], 'caption': ''}]"
ion/S1720010-processed.MP4,3,"[{'startTime': 1.223764, 'endTime': 3.343703, 'instruction': '0', 'labels': [], 'caption': ''}, {'startTime': 5.729048, 'endTime': 11.232268, 'instruction': '1', 'labels': [], 'caption': ''}, {'startTime': 16.89185, 'endTime': 68.501099, 'instruction': '2', 'labels': ['5'], 'caption': 'The copper plate is dropped on the table and picked up with tweezers, touching it with his fingers and placing it on the microplate.'}, {'startTime': 74.14388, 'endTime': 112.262182, 'instruction': '3', 'labels': [], 'caption': ''}, {'startTime': 113.138378, 'endTime': 147.610262, 'instruction': '4', 'labels': [], 'caption': ''}, {'startTime': 152.345865, 'endTime': 174.95686, 'instruction': '5', 'labels': ['5'], 'caption': 'Worker dropped two drops on copper plate.'}, {'startTime': 175.82016, 'endTime': 192.635928, 'instruction': '6', 'labels': [], 'caption': ''}, {'startTime': 194.433668, 'endTime': 208.369437, 'instruction': '7', 'labels': [], 'caption': ''}, {'startTime': 209.12949, 'endTime': 233.878532, 'instruction': '8', 'labels': [], 'caption': ''}]"
tsumiki/S1760003-processed.MP4,3,"[{'startTime': 0.900882, 'endTime': 14.839905, 'instruction': '0', 'labels': [], 'caption': ''}, {'startTime': 16.889127, 'endTime': 25.488118, 'instruction': '1', 'labels': [], 'caption': ''}, {'startTime': 33.169524, 'endTime': 51.226279, 'instruction': '2', 'labels': [], 'caption': ''}, {'startTime': 56.170139, 'endTime': 63.228826, 'instruction': '3', 'labels': [], 'caption': ''}, {'startTime': 68.32883, 'endTime': 79.541997, 'instruction': '4', 'labels': [], 'caption': ''}, {'startTime': 82.665324, 'endTime': 88.974226, 'instruction': '-1', 'labels': ['1'], 'caption': 'Graspe blue building blocks.'}, {'startTime': 89.766853, 'endTime': 93.743183, 'instruction': '4', 'labels': ['2'], 'caption': 'Correct error in step 4.'}, {'startTime': 94.689199, 'endTime': 97.468995, 'instruction': '5', 'labels': [], 'caption': ''}, {'startTime': 101.678186, 'endTime': 110.755232, 'instruction': '6', 'labels': ['4'], 'caption': 'Yellow, two triangles on each side of the red rectangle, but two triangles should be placed on each side of the blue rectangle'}, {'startTime': 113.675586, 'endTime': 119.965773, 'instruction': '6', 'labels': ['2'], 'caption': 'Correct error in step 6.'}]"
blacklight/S1800002-processed.MP4,3,"[{'startTime': 4.07142, 'endTime': 43.265696, 'instruction': '0', 'labels': [], 'caption': ''}, {'startTime': 46.145018, 'endTime': 77.801142, 'instruction': '2', 'labels': [], 'caption': ''}, {'startTime': 78.939211, 'endTime': 115.964515, 'instruction': '1', 'labels': [], 'caption': ''}, {'startTime': 116.475526, 'endTime': 138.915239, 'instruction': '4', 'labels': [], 'caption': ''}, {'startTime': 141.915239, 'endTime': 147.691354, 'instruction': '-1', 'labels': ['1'], 'caption': 'Graspe a cup for mixing liquid'}, {'startTime': 148.170984, 'endTime': 216.337835, 'instruction': '3', 'labels': [], 'caption': ''}, {'startTime': 217.590906, 'endTime': 225.862599, 'instruction': '4', 'labels': [], 'caption': ''}, {'startTime': 226.532959, 'endTime': 232.661188, 'instruction': '-1', 'labels': ['1'], 'caption': 'Graspe a cup of water'}, {'startTime': 234.805304, 'endTime': 274.247192, 'instruction': '5', 'labels': [], 'caption': ''}, {'startTime': 275.146634, 'endTime': 309.568032, 'instruction': '6', 'labels': [], 'caption': ''}, {'startTime': 310.15636, 'endTime': 325.819927, 'instruction': '7', 'labels': [], 'caption': ''}]"
ion/S1730002-processed.MP4,3,"[{'startTime': 2.336148, 'endTime': 6.208483, 'instruction': '0', 'labels': [], 'caption': ''}, {'startTime': 7.659611, 'endTime': 16.883129, 'instruction': '1', 'labels': [], 'caption': ''}, {'startTime': 23.657597, 'endTime': 25.361398, 'instruction': '-1', 'labels': ['1'], 'caption': 'Grasp the zinc plate case'}, {'startTime': 27.317968, 'endTime': 84.871945, 'instruction': '4', 'labels': ['5'], 'caption': 'The worker mistakenly placed three magnesium plates on the bottom row of microplates.'}, {'startTime': 86.188091, 'endTime': 124.654285, 'instruction': '2', 'labels': ['5'], 'caption': 'The worker mistakenly placed two copper plates on the top row of the microplate.'}, {'startTime': 131.832769, 'endTime': 178.95429, 'instruction': '-1', 'labels': ['2'], 'caption': 'Correct errors in step 2 and 4.'}, {'startTime': 185.397376, 'endTime': 234.25569, 'instruction': '3', 'labels': [], 'caption': ''}, {'startTime': 234.74387, 'endTime': 259.380409, 'instruction': '5', 'labels': [], 'caption': ''}, {'startTime': 260.000094, 'endTime': 262.543859, 'instruction': '-1', 'labels': ['1'], 'caption': 'Grasp magnesium sulfate aqueous'}, {'startTime': 263.224043, 'endTime': 278.331008, 'instruction': '6', 'labels': [], 'caption': ''}, {'startTime': 279.323135, 'endTime': 300.988372, 'instruction': '7', 'labels': [], 'caption': ''}, {'startTime': 308.58304, 'endTime': 358.183978, 'instruction': '8', 'labels': [], 'caption': ''}]"
blacklight/S1800004-processed.MP4,3,"[{'startTime': 4.385759, 'endTime': 25.444874, 'instruction': '0', 'labels': [], 'caption': ''}, {'startTime': 26.148671, 'endTime': 49.757933, 'instruction': '1', 'labels': [], 'caption': ''}, {'startTime': 50.189533, 'endTime': 80.927376, 'instruction': '2', 'labels': [], 'caption': ''}, {'startTime': 81.107688, 'endTime': 131.093475, 'instruction': '3', 'labels': [], 'caption': ''}, {'startTime': 132.610777, 'endTime': 155.246653, 'instruction': '4', 'labels': [], 'caption': ''}, {'startTime': 156.23229, 'endTime': 184.229813, 'instruction': '5', 'labels': ['0'], 'caption': 'Use yellow but should use green.'}, {'startTime': 185.136075, 'endTime': 204.304469, 'instruction': '6', 'labels': ['0'], 'caption': 'Use green but should use yellow.'}, {'startTime': 205.076015, 'endTime': 219.184564, 'instruction': '7', 'labels': [], 'caption': ''}]"
ion/S1730004-processed.MP4,3,"[{'startTime': 1.814214, 'endTime': 6.118014, 'instruction': '0', 'labels': [], 'caption': ''}, {'startTime': 8.157972, 'endTime': 25.205836, 'instruction': '1', 'labels': [], 'caption': ''}, {'startTime': 31.453234, 'endTime': 83.109105, 'instruction': '2', 'labels': [], 'caption': ''}, {'startTime': 83.95707, 'endTime': 126.290369, 'instruction': '4', 'labels': ['5'], 'caption': 'The worker mistakenly placed two magnesium plates on the last step only and put one back.'}, {'startTime': 126.521562, 'endTime': 211.339886, 'instruction': '3', 'labels': ['3'], 'caption': 'Scatter some zinc plates and put them back.'}, {'startTime': 216.083687, 'endTime': 239.869663, 'instruction': '5', 'labels': ['5'], 'caption': 'The worker dropped the copper sulfate solution to the far left of the middle section of the microplate only at first, and then continued to work correctly.'}, {'startTime': 240.689098, 'endTime': 258.408678, 'instruction': '6', 'labels': [], 'caption': ''}, {'startTime': 258.768527, 'endTime': 274.230461, 'instruction': '7', 'labels': [], 'caption': ''}, {'startTime': 274.702715, 'endTime': 297.8619, 'instruction': '8', 'labels': [], 'caption': ''}]"
ion/S1730005-processed.MP4,3,"[{'startTime': 1.993213, 'endTime': 5.92068, 'instruction': '0', 'labels': [], 'caption': ''}, {'startTime': 7.296843, 'endTime': 24.430883, 'instruction': '1', 'labels': [], 'caption': ''}, {'startTime': 27.408083, 'endTime': 93.260198, 'instruction': '2', 'labels': [], 'caption': ''}, {'startTime': 94.012376, 'endTime': 156.979421, 'instruction': '3', 'labels': [], 'caption': ''}, {'startTime': 157.451468, 'endTime': 216.916565, 'instruction': '4', 'labels': [], 'caption': ''}, {'startTime': 217.927145, 'endTime': 237.28691, 'instruction': '5', 'labels': [], 'caption': ''}, {'startTime': 238.407464, 'endTime': 255.663587, 'instruction': '6', 'labels': [], 'caption': ''}, {'startTime': 256.510698, 'endTime': 270.52632, 'instruction': '7', 'labels': [], 'caption': ''}, {'startTime': 278.029578, 'endTime': 298.741629, 'instruction': '8', 'labels': [], 'caption': ''}]"
ion/S1730006-processed.MP4,3,"[{'startTime': 2.111, 'endTime': 6.006359, 'instruction': '0', 'labels': [], 'caption': ''}, {'startTime': 8.379988, 'endTime': 19.340128, 'instruction': '1', 'labels': [], 'caption': ''}, {'startTime': 22.700926, 'endTime': 72.15712, 'instruction': '2', 'labels': [], 'caption': ''}, {'startTime': 72.880118, 'endTime': 118.043555, 'instruction': '3', 'labels': [], 'caption': ''}, {'startTime': 118.526163, 'endTime': 167.340962, 'instruction': '4', 'labels': [], 'caption': ''}, {'startTime': 167.965227, 'endTime': 185.051371, 'instruction': '5', 'labels': [], 'caption': ''}, {'startTime': 187.940633, 'endTime': 202.544462, 'instruction': '6', 'labels': [], 'caption': ''}, {'startTime': 203.098085, 'endTime': 216.728918, 'instruction': '7', 'labels': [], 'caption': ''}, {'startTime': 225.071289, 'endTime': 244.810836, 'instruction': '8', 'labels': [], 'caption': ''}]"
electronics/S1790006-processed.MP4,3,"[{'startTime': 0.546144, 'endTime': 14.837093, 'instruction': '0', 'labels': [], 'caption': ''}, {'startTime': 15.867049, 'endTime': 21.263961, 'instruction': '1', 'labels': [], 'caption': ''}, {'startTime': 24.412617, 'endTime': 44.671457, 'instruction': '2', 'labels': ['4'], 'caption': 'Connect the switch S2 and lamp L1 in series but should connect them in parallel.'}, {'startTime': 44.752249, 'endTime': 45.780018, 'instruction': '3', 'labels': ['1'], 'caption': 'Graspe connection'}, {'startTime': 46.227343, 'endTime': 63.398515, 'instruction': '3', 'labels': [], 'caption': ''}, {'startTime': 65.509373, 'endTime': 71.729097, 'instruction': '4', 'labels': [], 'caption': ''}, {'startTime': 72.783801, 'endTime': 74.427403, 'instruction': '6', 'labels': [], 'caption': ''}, {'startTime': 75.601911, 'endTime': 91.322291, 'instruction': '7', 'labels': [], 'caption': ''}]"
electronics/S1790005-processed.MP4,3,"[{'startTime': 2.188305, 'endTime': 16.251588, 'instruction': '0', 'labels': [], 'caption': ''}, {'startTime': 17.745301, 'endTime': 22.975751, 'instruction': '1', 'labels': [], 'caption': ''}, {'startTime': 27.084153, 'endTime': 67.062784, 'instruction': '2', 'labels': [], 'caption': ''}, {'startTime': 68.46892, 'endTime': 84.993874, 'instruction': '3', 'labels': [], 'caption': ''}, {'startTime': 86.196809, 'endTime': 93.121725, 'instruction': '4', 'labels': [], 'caption': ''}, {'startTime': 94.210695, 'endTime': 105.240346, 'instruction': '5', 'labels': [], 'caption': ''}, {'startTime': 106.428527, 'endTime': 107.564151, 'instruction': '6', 'labels': [], 'caption': ''}, {'startTime': 108.766539, 'endTime': 118.974306, 'instruction': '7', 'labels': [], 'caption': ''}]"
electronics/S1790007-processed.MP4,3,"[{'startTime': 2.247507, 'endTime': 9.413659, 'instruction': '0', 'labels': ['5'], 'caption': 'Only the battery box was placed.'}, {'startTime': 10.443852, 'endTime': 26.696743, 'instruction': '2', 'labels': [], 'caption': ''}, {'startTime': 27.208475, 'endTime': 56.237859, 'instruction': '3', 'labels': [], 'caption': ''}, {'startTime': 57.031498, 'endTime': 63.898072, 'instruction': '1', 'labels': [], 'caption': ''}, {'startTime': 64.382374, 'endTime': 77.631987, 'instruction': '2', 'labels': [], 'caption': ''}, {'startTime': 78.198699, 'endTime': 84.097636, 'instruction': '4', 'labels': [], 'caption': ''}, {'startTime': 85.117501, 'endTime': 96.422487, 'instruction': '5', 'labels': [], 'caption': ''}, {'startTime': 97.222382, 'endTime': 98.987779, 'instruction': '6', 'labels': [], 'caption': ''}, {'startTime': 99.715522, 'endTime': 110.150044, 'instruction': '7', 'labels': ['3'], 'caption': 'Blow up the propeller'}]"
blacklight/S1800003-processed.MP4,3,"[{'startTime': 6.247199, 'endTime': 41.199318, 'instruction': '0', 'labels': [], 'caption': ''}, {'startTime': 43.535774, 'endTime': 74.61033, 'instruction': '1', 'labels': [], 'caption': ''}, {'startTime': 75.097632, 'endTime': 111.003742, 'instruction': '2', 'labels': ['5'], 'caption': 'Squeeze out some drops'}, {'startTime': 114.889387, 'endTime': 160.215916, 'instruction': '3', 'labels': [], 'caption': ''}, {'startTime': 163.260562, 'endTime': 186.362463, 'instruction': '4', 'labels': [], 'caption': ''}, {'startTime': 189.278553, 'endTime': 238.981351, 'instruction': '5', 'labels': [], 'caption': ''}, {'startTime': 239.759736, 'endTime': 257.557851, 'instruction': '6', 'labels': [], 'caption': ''}, {'startTime': 258.302006, 'endTime': 274.70999, 'instruction': '7', 'labels': [], 'caption': ''}]"
blacklight/S1800005-processed.MP4,3,"[{'startTime': 1.408185, 'endTime': 63.813095, 'instruction': '0', 'labels': [], 'caption': ''}, {'startTime': 64.104591, 'endTime': 100.935451, 'instruction': '1', 'labels': ['5'], 'caption': 'After squeezing the ink out of the green highlighter, the worker poured water into the cup.'}, {'startTime': 103.085009, 'endTime': 126.836712, 'instruction': '2', 'labels': ['5'], 'caption': 'After squeezing the ink out of the yellow highlighter, the worker poured water into the cup.'}, {'startTime': 133.496974, 'endTime': 198.52592, 'instruction': '3', 'labels': [], 'caption': ''}, {'startTime': 201.056544, 'endTime': 231.047642, 'instruction': '4', 'labels': [], 'caption': ''}, {'startTime': 234.74023, 'endTime': 260.14317, 'instruction': '5', 'labels': ['5'], 'caption': 'The powdered detergent dissolved in water is mistakenly mixed into a red liquid cup and a green liquid cup, respectively, but the correct way is to mix the powdered detergent dissolved in water, a red liquid cup, and a green liquid cup with all three.'}, {'startTime': 263.0608, 'endTime': 275.614636, 'instruction': '6', 'labels': [], 'caption': ''}, {'startTime': 276.04088, 'endTime': 282.77836, 'instruction': '7', 'labels': ['1'], 'caption': 'Check step6 liquid in a cup but should check both step5 and step6 liquid in cups.'}, {'startTime': 284.721055, 'endTime': 302.904912, 'instruction': '-1', 'labels': ['2'], 'caption': 'Correct error in step 7. '}]"
ion/S1720010-processed.MP4,3,"[{'startTime': 1.223764, 'endTime': 3.343703, 'instruction': '0', 'labels': [], 'caption': ''}, {'startTime': 5.729048, 'endTime': 11.232268, 'instruction': '1', 'labels': [], 'caption': ''}, {'startTime': 16.89185, 'endTime': 68.501099, 'instruction': '2', 'labels': ['3'], 'caption': 'Drop the copper plate on the table'}, {'startTime': 74.14388, 'endTime': 112.262182, 'instruction': '3', 'labels': [], 'caption': ''}, {'startTime': 113.138378, 'endTime': 147.610262, 'instruction': '4', 'labels': [], 'caption': ''}, {'startTime': 152.345865, 'endTime': 174.95686, 'instruction': '5', 'labels': ['5'], 'caption': '2 drops on a copper plate'}, {'startTime': 175.82016, 'endTime': 192.635928, 'instruction': '6', 'labels': [], 'caption': ''}, {'startTime': 194.433668, 'endTime': 208.369437, 'instruction': '7', 'labels': [], 'caption': ''}, {'startTime': 209.12949, 'endTime': 233.878532, 'instruction': '8', 'labels': [], 'caption': ''}]"
ion/S1730002-processed.MP4,3,"[{'startTime': 2.336148, 'endTime': 6.208483, 'instruction': '0', 'labels': [], 'caption': ''}, {'startTime': 7.659611, 'endTime': 16.883129, 'instruction': '1', 'labels': [], 'caption': ''}, {'startTime': 23.657597, 'endTime': 25.361398, 'instruction': '-1', 'labels': ['1'], 'caption': 'Grasp the zinc plate case'}, {'startTime': 27.317968, 'endTime': 84.871945, 'instruction': '4', 'labels': ['4'], 'caption': 'Three magnesium plates are arranged horizontally on the bottom row, but three magnesium plates should be arranged vertically'}, {'startTime': 86.188091, 'endTime': 124.557691, 'instruction': '2', 'labels': ['2'], 'caption': 'Place the two copper plates on the top row of the microplate'}, {'startTime': 131.938813, 'endTime': 144.611915, 'instruction': '2', 'labels': ['2'], 'caption': 'Correct error in step 2.'}, {'startTime': 145.104781, 'endTime': 159.988434, 'instruction': '4', 'labels': ['2'], 'caption': 'Correct error in step 4.'}, {'startTime': 160.954056, 'endTime': 179.880862, 'instruction': '2', 'labels': ['2'], 'caption': 'Correct error in step 2.'}, {'startTime': 185.397376, 'endTime': 234.25569, 'instruction': '3', 'labels': [], 'caption': ''}, {'startTime': 234.74387, 'endTime': 259.380409, 'instruction': '5', 'labels': [], 'caption': ''}, {'startTime': 260.000094, 'endTime': 262.543859, 'instruction': '-1', 'labels': ['1'], 'caption': 'Grasp magnesium sulfate aqueous'}, {'startTime': 263.224043, 'endTime': 278.331008, 'instruction': '6', 'labels': [], 'caption': ''}, {'startTime': 279.323135, 'endTime': 300.988372, 'instruction': '7', 'labels': [], 'caption': ''}, {'startTime': 308.58304, 'endTime': 358.183978, 'instruction': '8', 'labels': [], 'caption': ''}]"
ion/S1730004-processed.MP4,3,"[{'startTime': 1.814214, 'endTime': 6.118014, 'instruction': '0', 'labels': [], 'caption': ''}, {'startTime': 8.157972, 'endTime': 25.205836, 'instruction': '1', 'labels': [], 'caption': ''}, {'startTime': 31.453234, 'endTime': 83.109105, 'instruction': '2', 'labels': [], 'caption': ''}, {'startTime': 83.95707, 'endTime': 126.290369, 'instruction': '4', 'labels': ['3'], 'caption': 'Finally, two magnesium plates went in and one was taken out'}, {'startTime': 126.521562, 'endTime': 173.553047, 'instruction': '3', 'labels': ['3'], 'caption': 'Scatter some zinc plates and put them back.'}, {'startTime': 174.356679, 'endTime': 212.019271, 'instruction': '3', 'labels': [], 'caption': ''}, {'startTime': 216.083687, 'endTime': 239.869663, 'instruction': '5', 'labels': ['4'], 'caption': 'Copper sulfate solution should be dropped twice in the center of the microplate, one drop in each'}, {'startTime': 240.689098, 'endTime': 258.408678, 'instruction': '6', 'labels': [], 'caption': ''}, {'startTime': 258.768527, 'endTime': 274.230461, 'instruction': '7', 'labels': [], 'caption': ''}, {'startTime': 274.702715, 'endTime': 297.8619, 'instruction': '8', 'labels': [], 'caption': ''}]"
ion/S1730005-processed.MP4,3,"[{'startTime': 1.993213, 'endTime': 5.92068, 'instruction': '0', 'labels': [], 'caption': ''}, {'startTime': 7.296843, 'endTime': 24.430883, 'instruction': '1', 'labels': [], 'caption': ''}, {'startTime': 27.408083, 'endTime': 93.260198, 'instruction': '2', 'labels': [], 'caption': ''}, {'startTime': 94.012376, 'endTime': 95.001037, 'instruction': '3', 'labels': ['1'], 'caption': 'Grab a zinc plate'}, {'startTime': 97.399042, 'endTime': 156.866781, 'instruction': '3', 'labels': [], 'caption': ''}, {'startTime': 157.451468, 'endTime': 216.916565, 'instruction': '4', 'labels': [], 'caption': ''}, {'startTime': 217.927145, 'endTime': 237.28691, 'instruction': '5', 'labels': [], 'caption': ''}, {'startTime': 238.407464, 'endTime': 255.663587, 'instruction': '6', 'labels': [], 'caption': ''}, {'startTime': 256.510698, 'endTime': 270.52632, 'instruction': '7', 'labels': [], 'caption': ''}, {'startTime': 278.029578, 'endTime': 298.741629, 'instruction': '8', 'labels': [], 'caption': ''}]"
blacklight/S1800005-processed.MP4,3,"[{'startTime': 1.408185, 'endTime': 63.813095, 'instruction': '0', 'labels': ['4'], 'caption': 'You are pouring more than the prescribed amount of water, but it should be poured to about 15 ml'}, {'startTime': 64.104591, 'endTime': 100.935451, 'instruction': '1', 'labels': ['4'], 'caption': 'More than the specified amount of water is poured after squeezing the green fluorescent ink, but about 15 ml of water should be poured to squeeze the green fluorescent ink.'}, {'startTime': 103.085009, 'endTime': 126.836712, 'instruction': '2', 'labels': ['4'], 'caption': 'More than the specified amount of water is poured after squeezing the yellow fluorescent ink, but about 15 ml of water should be poured to squeeze the yellow fluorescent ink.'}, {'startTime': 133.496974, 'endTime': 182.258206, 'instruction': '3', 'labels': ['5'], 'caption': 'separation of wor'}, {'startTime': 183.176813, 'endTime': 184.744795, 'instruction': '-1', 'labels': ['5'], 'caption': 'Get new water'}, {'startTime': 185.816509, 'endTime': 198.765163, 'instruction': '3', 'labels': ['4'], 'caption': 'You are pouring more than the prescribed amount of water, but it should be poured to about 15 ml'}, {'startTime': 201.056544, 'endTime': 231.047642, 'instruction': '4', 'labels': [], 'caption': ''}, {'startTime': 234.74023, 'endTime': 259.112798, 'instruction': '5', 'labels': ['4'], 'caption': 'Red and green liquid mixed directly with powdered detergent, but, Should be mixed in a cup'}, {'startTime': 259.643554, 'endTime': 262.02597, 'instruction': '-1', 'labels': ['1'], 'caption': 'Grasp black Light'}, {'startTime': 263.25749, 'endTime': 268.613816, 'instruction': '6', 'labels': ['5'], 'caption': 'separation of work'}, {'startTime': 269.512714, 'endTime': 270.730682, 'instruction': '-1', 'labels': ['1'], 'caption': 'Grasp black Light'}, {'startTime': 271.291483, 'endTime': 275.376993, 'instruction': '6', 'labels': [], 'caption': ''}, {'startTime': 275.83211, 'endTime': 282.09425, 'instruction': '-1', 'labels': ['5'], 'caption': 'Shine a black light on the yellow liquid.'}, {'startTime': 284.246575, 'endTime': 302.803592, 'instruction': '7', 'labels': ['4'], 'caption': 'Red liquid is mixed with yellow and green liquid and examined under a black light, but each liquid should be examined'}]"
cardboard/correct_kajimura_0-processed.MP4,1,"[{'startTime': 4.082501040976844, 'endTime': 319.7837930672905, 'instruction': '0', 'labels': [], 'caption': ''}, {'startTime': 322.00438625002045, 'endTime': 386.2657434635966, 'instruction': '1', 'labels': [], 'caption': ''}, {'startTime': 390.2786527645017, 'endTime': 442.3843164249733, 'instruction': '2', 'labels': [], 'caption': ''}, {'startTime': 445.11697582605996, 'endTime': 506.5613274879381, 'instruction': '3', 'labels': [], 'caption': ''}, {'startTime': 507.5862785000074, 'endTime': 523.9094121599506, 'instruction': '4', 'labels': [], 'caption': ''}, {'startTime': 524.638911899988, 'endTime': 607.4338068139137, 'instruction': '5', 'labels': [], 'caption': ''}, {'startTime': 614.0764624239276, 'endTime': 743.2081234864947, 'instruction': '6', 'labels': [], 'caption': ''}, {'startTime': 744.0602731243974, 'endTime': 1165.1706722490349, 'instruction': '7', 'labels': [], 'caption': ''}, {'startTime': 1175.60479395108, 'endTime': 1198.439457601087, 'instruction': '8', 'labels': [], 'caption': ''}, {'startTime': 1199.2705729099641, 'endTime': 1272.7508722020223, 'instruction': '9', 'labels': [], 'caption': ''}, {'startTime': 1273.809028138347, 'endTime': 1288.7022596758582, 'instruction': '10', 'labels': [], 'caption': ''}, {'startTime': 1289.4643571819972, 'endTime': 1302.8669168375927, 'instruction': '11', 'labels': [], 'caption': ''}, {'startTime': 1305.6334846469754, 'endTime': 1500.7232727375813, 'instruction': '12', 'labels': [], 'caption': ''}, {'startTime': 1501.4529227441294, 'endTime': 1504.4345617438946, 'instruction': '13', 'labels': [], 'caption': ''}]"
cardboard/correct_nishimura_0-processed.MP4,1,"[{'startTime': 3.0534346529715464, 'endTime': 132.54499829259336, 'instruction': '0', 'labels': [], 'caption': ''}, {'startTime': 133.5628637001053, 'endTime': 238.86945987549416, 'instruction': '1', 'labels': [], 'caption': ''}, {'startTime': 242.1234186459256, 'endTime': 309.8333922010798, 'instruction': '2', 'labels': [], 'caption': ''}, {'startTime': 313.0310789309276, 'endTime': 361.5971340119327, 'instruction': '3', 'labels': [], 'caption': ''}, {'startTime': 363.6686659929782, 'endTime': 374.3158886885966, 'instruction': '4', 'labels': [], 'caption': ''}, {'startTime': 375.1269010380376, 'endTime': 418.4588701625109, 'instruction': '5', 'labels': [], 'caption': ''}, {'startTime': 425.85824128493863, 'endTime': 484.9849780120601, 'instruction': '6', 'labels': [], 'caption': ''}, {'startTime': 487.9426469091504, 'endTime': 1082.8046718690941, 'instruction': '7', 'labels': [], 'caption': ''}, {'startTime': 1084.6275438885923, 'endTime': 1105.315097475481, 'instruction': '8', 'labels': [], 'caption': ''}, {'startTime': 1106.7447669000283, 'endTime': 1128.3780062850303, 'instruction': '7', 'labels': [], 'caption': ''}, {'startTime': 1132.3303513256274, 'endTime': 1183.8215196674175, 'instruction': '10', 'labels': [], 'caption': ''}, {'startTime': 1195.8133752644585, 'endTime': 1211.7165296999633, 'instruction': '11', 'labels': [], 'caption': ''}, {'startTime': 1215.7098746194727, 'endTime': 1392.3620167499496, 'instruction': '12', 'labels': [], 'caption': ''}]"
cardboard/correct_yamamoto_0-processed.MP4,1,"[{'startTime': 2.1488161247738335, 'endTime': 171.78796432447956, 'instruction': '0', 'labels': [], 'caption': ''}, {'startTime': 174.06428613142018, 'endTime': 302.871759778985, 'instruction': '1', 'labels': [], 'caption': ''}, {'startTime': 306.3902325150784, 'endTime': 345.49074681240404, 'instruction': '2', 'labels': [], 'caption': ''}, {'startTime': 347.2236713050078, 'endTime': 405.2775815495605, 'instruction': '4', 'labels': [], 'caption': ''}, {'startTime': 405.98032090300774, 'endTime': 431.3690011509305, 'instruction': '5', 'labels': [], 'caption': ''}, {'startTime': 433.4156934115968, 'endTime': 510.69666657464643, 'instruction': '6', 'labels': [], 'caption': ''}, {'startTime': 515.8342137509943, 'endTime': 1021.38953571396, 'instruction': '7', 'labels': [], 'caption': ''}, {'startTime': 1024.8513476674293, 'endTime': 1052.8114453129497, 'instruction': '8', 'labels': [], 'caption': ''}, {'startTime': 1063.8793597975614, 'endTime': 1099.5326882629913, 'instruction': '9', 'labels': [], 'caption': ''}]"
